<beans xmlns="http://www.springframework.org/schema/beans"
	xmlns:context="http://www.springframework.org/schema/context"
	xmlns:xsi="http://www.w3.org/2001/XMLSchema-instance" 
	xmlns:mvc="http://www.springframework.org/schema/mvc"
	xmlns:tx="http://www.springframework.org/schema/tx"
	xsi:schemaLocation="
 http://www.springframework.org/schema/beans
 http://www.springframework.org/schema/beans/spring-beans-4.0.xsd
 http://www.springframework.org/schema/context
 http://www.springframework.org/schema/context/spring-context-4.0.xsd
 http://www.springframework.org/schema/tx
 http://www.springframework.org/schema/tx/spring-tx-4.0.xsd
 http://www.springframework.org/schema/mvc 
http://www.springframework.org/schema/mvc/spring-mvc-4.0.xsd">
   

	<context:property-placeholder location="classpath:/database.properties" />
        <!-- <context:property-placeholder location="/WEB-INF/log4j.properties" /> -->
	<context:annotation-config />
	<mvc:annotation-driven />

<!-- 	  <mvc:resources mapping="/theme/**" location="/theme/css/"  />
 -->	
	<!-- <mvc:resources location="/assets/" mapping="/assets/**" />  -->  
	<mvc:resources mapping="/resources/**" location="/resources/"/>


 

	<tx:annotation-driven transaction-manager="hibernateTransactionManager" />
	
	<context:component-scan base-package="org.dreamadream" />

	<bean class="org.springframework.web.servlet.view.InternalResourceViewResolver">
		<property name="prefix" value="/WEB-INF/views/" />
		<property name="suffix" value=".jsp" />
	</bean>
	
	<!-- <bean id="addTPOValidator" class="org.crce.interns.validators.AddTPOValidator" />
	<bean id="addTPCValidator" class="org.crce.interns.validators.AddTPCValidator" />
	<bean id="addTPCTaskValidator" class="org.crce.interns.validators.AddTPCTaskValidator" />
	<bean id="rvmTPCValidator" class="org.crce.interns.validators.RemoveTPCValidator" />
	<bean id="feedbackValidator" class="org.crce.interns.validators.FeedbackFormValidator" />
	<bean id="addApplicantsValidator" class="org.crce.interns.validators.AddApplicantsValidator" />
	<bean id="deleteApplicantsValidator" class="org.crce.interns.validators.DeleteApplicantsValidator" />
	<bean id="companyValidator" class="org.crce.interns.validators.CompanyFormValidator" />
	<bean id="criteriaValidator" class="org.crce.interns.validators.CriteriaFormValidator" />
	<bean id="fileUploadValidator" class="org.crce.interns.validators.FileUploadValidator" />
	<bean id="addSelectedValidator" class="org.crce.interns.validators.AddSelectedValidator" />
	<bean id="deleteSelectedValidator" class="org.crce.interns.validators.DeleteSelectedValidator" />
	<bean id="searchApplicantValidator" class="org.crce.interns.validators.SearchApplicantValidator" />
	<bean id="allotmentValidator" class="org.crce.interns.validators.AllotmentValidator" />
	<bean id="addStudentValidator" class="org.crce.interns.validators.AddStudentValidator" />
	<bean id="addFacultyValidator" class="org.crce.interns.validators.AddFacultyValidator" /> -->
	
	<!-- These files don't exist! -->
	<!-- <bean id="jobValidator" class="org.crce.interns.validators.JobValidator" />
	<bean id="critValidator" class="org.crce.interns.validators.CriteriaValidator" /> -->

	<bean id="messageSource"
		class="org.springframework.context.support.ReloadableResourceBundleMessageSource">
		<property name="basename" value="classpath:resources/messages" />
	</bean>
	
	<!-- <bean id="fr"
		class="org.crce.interns.beans.FileReader">
		<property name="file" value="/WEB-INF/database.xml" />
	</bean>
		
		
	<bean id="ap"
		class="org.crce.interns.beans.CSVReader">
		<property name="file" value="/WEB-INF/applicant.csv" />
	</bean>
	
	<bean id="bp"
		class="org.crce.interns.beans.SCSVReader">
		<property name="file" value="/WEB-INF/applicant.scsv" />
	</bean> -->
	
	<bean id="dataSource"
		class="org.springframework.jdbc.datasource.DriverManagerDataSource">
		<property name="driverClassName" value="${database.driver}" />
		<property name="url" value="${database.url}" />
		<property name="username" value="${database.user}" />
		<property name="password" value="${database.password}" />
	</bean>

	<bean id="sessionFactory" class="org.springframework.orm.hibernate4.LocalSessionFactoryBean">
		<property name="dataSource" ref="dataSource" />	
		<property name="packagesToScan" value="org.dreamadream" />
		
	<property name="annotatedClasses">
			<list>				
				<value>org.dreamadream.model.UserDetails</value>				
			</list>
		</property>
		
		<property name="hibernateProperties">
			<props>
				<prop key="hibernate.dialect">${hibernate.dialect}</prop>
				<prop key="hibernate.show_sql">${hibernate.show_sql}</prop>
				<prop key="hibernate.hbm2ddl.auto">${hibernate.hbm2ddl.auto}</prop>
			</props>
		</property>
	</bean>
	
	  <!-- email bean id -->
	<bean id="mailSender" class="org.springframework.mail.javamail.JavaMailSenderImpl">
		<property name="host" value="smtp.gmail.com" />
		<property name="port" value="587" />
		<property name="username" value="frcrcecompsinterns@gmail.com" />
		<property name="password" value="bandstand9" />
		<property name="javaMailProperties">
			<props>
				<prop key="mail.transport.protocol">smtp</prop>
				<prop key="mail.smtp.auth">true</prop>
				<prop key="mail.smtp.starttls.enable">true</prop>
			</props>
		</property>
	</bean>
	
	


	<bean id="hibernateTransactionManager"
		class="org.springframework.orm.hibernate4.HibernateTransactionManager">
		<property name="sessionFactory" ref="sessionFactory" />
	</bean>
	
	<bean id="multipartResolver"
        class="org.springframework.web.multipart.commons.CommonsMultipartResolver">
        <!-- max upload size in bytes -->
        <property name="maxUploadSize" value="20971520" /> <!-- 20MB -->
         
        <!-- max size of file in memory (in bytes) -->
        <property name="maxInMemorySize" value="1048576" /> <!-- 1MB -->
 
    </bean>

</beans>

